/*
@Autor:           Belmont Muñoz Samuel
                  Capistrán Manuel
@Fecha creación:  dd/mm/yyyy
@Descripción:     s9
*/

--
--ENTIDAD
--
INSERT INTO ENTIDAD(ENTIDAD_ID,NOMBRE,CLAVE) VALUES(SEQ_ENTIDAD_ID.nextval, 'CIUDAD DE MEXICO','CDMX');
INSERT INTO ENTIDAD(ENTIDAD_ID,NOMBRE,CLAVE) VALUES(SEQ_ENTIDAD_ID.nextval, 'PUEBLA','PUE');


--
--PLACA
--
INSERT INTO PLACA(PLACA_ID,ES_ACTIVA,NUM_PLACA,FECHA_ASIGNACION,ENTIDAD_ID) VALUES(SEQ_PLACA_ID.nextval,1,'RCN205D',TO_DATE('2010/01/01','YYYY/MM/DD'),1001);
INSERT INTO PLACA(PLACA_ID,ES_ACTIVA,NUM_PLACA,FECHA_ASIGNACION,ENTIDAD_ID) VALUES(SEQ_PLACA_ID.nextval,1,'PBV8004',TO_DATE('2007/01/01','YYYY/MM/DD'),1001);
INSERT INTO PLACA(PLACA_ID,ES_ACTIVA,NUM_PLACA,FECHA_ASIGNACION,ENTIDAD_ID) VALUES(SEQ_PLACA_ID.nextval,1,'T26ATA', TO_DATE('2004/01/01','YYYY/MM/DD'),1001);
INSERT INTO PLACA(PLACA_ID,ES_ACTIVA,NUM_PLACA,FECHA_ASIGNACION,ENTIDAD_ID) VALUES(SEQ_PLACA_ID.nextval,1,'123ABC', TO_DATE('2003/11/23','YYYY/MM/DD'),1002);
INSERT INTO PLACA(PLACA_ID,ES_ACTIVA,NUM_PLACA,FECHA_ASIGNACION,ENTIDAD_ID) VALUES(SEQ_PLACA_ID.nextval,0,'MRR647A',TO_DATE('2008/11/30','YYYY/MM/DD'),1002);


--
--PROPIETARIO
--
INSERT INTO PROPIETARIO(PROPIETARIO_ID,NOMBRE,AP_MATERNO,RFC,CURP,AP_PATERNO,EMAIL) VALUES(SEQ_PROPIETARIO_ID.nextval,'MANUEL','PONCE','CAPM020110SI3','CAPM020110HDFPNNA3','CAPISTRAN','MANUELECAPISTRAN@GMAIL.COM');
INSERT INTO PROPIETARIO(PROPIETARIO_ID,NOMBRE,AP_MATERNO,RFC,CURP,AP_PATERNO,EMAIL) VALUES(SEQ_PROPIETARIO_ID.nextval,'FERNANDA','DIAZ','SADR050510MDF',NULL,'SANCHEZ','FERNISAENZ16@GMAIL.COM');
INSERT INTO PROPIETARIO(PROPIETARIO_ID,NOMBRE,AP_MATERNO,RFC,CURP,AP_PATERNO,EMAIL) VALUES(SEQ_PROPIETARIO_ID.nextval,'REBECA','DIAZ','SADF030421MDF',NULL,'SANCHEZ','REBECA.SAENZ.DIAZ@GMAIL.COM');
INSERT INTO PROPIETARIO(PROPIETARIO_ID,NOMBRE,AP_MATERNO,RFC,CURP,AP_PATERNO,EMAIL) VALUES(SEQ_PROPIETARIO_ID.nextval,'JORGE','GUTIERREZ','SAGJ680107SP1','SAGJ680107HDFPMN4','SANCHEZ','JORGESPEJOS@HOTMAIL.COM');
INSERT INTO PROPIETARIO(PROPIETARIO_ID,NOMBRE,AP_MATERNO,RFC,CURP,AP_PATERNO,EMAIL) VALUES(SEQ_PROPIETARIO_ID.nextval,'KARIS','GONZALEZ','DIGK750530CZ6','DIGK750530MDFPMN5','DIAZ','PSIC.KARINADIAZ@GMAIL.COM');


--
--LICENCIA
--
INSERT INTO LICENCIA(LICENCIA_ID,LICENCIA_ANTERIOR_ID,)

-- Carga de datos en la tabla ENTIDAD
INSERT INTO ENTIDAD (ENTIDAD_ID, NOMBRE, CLAVE)
VALUES 
    (ENTIDAD_SEQ.NEXTVAL, 'Aguascalientes', 'AGS'),
    (ENTIDAD_SEQ.NEXTVAL, 'Baja California', 'BC'),
    (ENTIDAD_SEQ.NEXTVAL, 'Baja California Sur', 'BCS'),
    (ENTIDAD_SEQ.NEXTVAL, 'Campeche', 'CAM'),
    (ENTIDAD_SEQ.NEXTVAL, 'Chiapas', 'CHIS'),
    (ENTIDAD_SEQ.NEXTVAL, 'Chihuahua', 'CHIH'),
    (ENTIDAD_SEQ.NEXTVAL, 'Coahuila', 'COAH'),
    (ENTIDAD_SEQ.NEXTVAL, 'Colima', 'COL'),
    (ENTIDAD_SEQ.NEXTVAL, 'Durango', 'DGO'),
    (ENTIDAD_SEQ.NEXTVAL, 'Guanajuato', 'GTO'),
    (ENTIDAD_SEQ.NEXTVAL, 'Guerrero', 'GRO'),
    (ENTIDAD_SEQ.NEXTVAL, 'Hidalgo', 'HGO'),
    (ENTIDAD_SEQ.NEXTVAL, 'Jalisco', 'JAL'),
    (ENTIDAD_SEQ.NEXTVAL, 'México', 'MEX'),
    (ENTIDAD_SEQ.NEXTVAL, 'Michoacán', 'MIC'),
    (ENTIDAD_SEQ.NEXTVAL, 'Morelos', 'MOR'),
    (ENTIDAD_SEQ.NEXTVAL, 'Nayarit', 'NAY'),
    (ENTIDAD_SEQ.NEXTVAL, 'Nuevo León', 'NL'),
    (ENTIDAD_SEQ.NEXTVAL, 'Oaxaca', 'OAX'),
    (ENTIDAD_SEQ.NEXTVAL, 'Puebla', 'PUE'),
    (ENTIDAD_SEQ.NEXTVAL, 'Querétaro', 'QRO'),
    (ENTIDAD_SEQ.NEXTVAL, 'Quintana Roo', 'QR'),
    (ENTIDAD_SEQ.NEXTVAL, 'San Luis Potosí', 'SLP'),
    (ENTIDAD_SEQ.NEXTVAL, 'Sinaloa', 'SIN'),
    (ENTIDAD_SEQ.NEXTVAL, 'Sonora', 'SON'),
    (ENTIDAD_SEQ.NEXTVAL, 'Tabasco', 'TAB'),
    (ENTIDAD_SEQ.NEXTVAL, 'Tamaulipas', 'TAMPS'),
    (ENTIDAD_SEQ.NEXTVAL, 'Tlaxcala', 'TLAX'),
    (ENTIDAD_SEQ.NEXTVAL, 'Veracruz', 'VER'),
    (ENTIDAD_SEQ.NEXTVAL, 'Yucatán', 'YUC'),
    (ENTIDAD_SEQ.NEXTVAL, 'Zacatecas', 'ZAC'),
    (ENTIDAD_SEQ.NEXTVAL, 'Ciudad de México', 'CDMX');

-- Carga de datos en la tabla ESTATUS_VEHICULO
INSERT INTO ESTATUS_VEHICULO (ESTATUS_VEHICULO_ID, CLAVE, DESCRIPCION)
VALUES
    (1, 'EN_REGLA', 'EN REGLA'),
    (2, 'LIC_EXPIRADA', 'CON LICENCIA EXPIRADA'),
    (3, 'ADEUDO_IMP', 'CON ADEUDO DE IMPUESTO'),
    (4, 'VERIF_PEND', 'CON VERIFICACIÓN PENDIENTE');

-- Carga de datos en la tabla GAS
INSERT INTO GAS (GAS_ID, CLAVE, NIVELES_PERMITIDOS,DESCRIPCION)
VALUES
    (1, 'HC', 0.5,'Hidrocarburos'),
    (2, 'CO', 0.8,'Monóxido de Carbono'),
    (3, 'NOx', 0.3,'Óxido de Nitrógeno'),
    (4, 'CO2', 0.6,'Dióxido de Carbono');
--PROPIETARIOS (EL PRIMERO DE AFUERZAS POR PRUEBAS)
INSERT INTO PROPIETARIO(PROPIETARIO_ID, NOMBRE, AP_PATERNO, AP_MATERNO, RFC, EMAIL)
VALUES (1, 'FRANCISCO', 'CHAVEZ', 'PEREZ', 'RFCRFRFRF', 'PACO@EXAMPLE.COM');


INSERT INTO MARCA (MARCA_ID, CLAVE, DESCRIPCION) 
    VALUES (1, 'TOY', 'Toyota'), (2, 'HON', 'Honda'), (3, 'FOR', 'Ford'), 
           (4, 'CHE', 'Chevrolet'), (5, 'BMW', 'BMW');

INSERT INTO MODELO (MODELO_ID, NOMBRE, ANIO, MARCA_ID) VALUES (1, 'Corolla', 2022, 1);
INSERT INTO MODELO (MODELO_ID, NOMBRE, ANIO, MARCA_ID) VALUES (2, 'Civic', 2023, 2);
INSERT INTO MODELO (MODELO_ID, NOMBRE, ANIO, MARCA_ID) VALUES (3, 'Mustang', 2021, 3);
INSERT INTO MODELO (MODELO_ID, NOMBRE, ANIO, MARCA_ID) VALUES (4, 'Silverado', 2020, 4);
INSERT INTO MODELO (MODELO_ID, NOMBRE, ANIO, MARCA_ID) VALUES (5, 'X5', 2023, 5);

INSERT INTO PLACA (PLACA_ID, NUM_PLACA, ES_ACTIVA, FECHA_ASIGNACION, ENTIDAD_ID) 
VALUES (1, 'ABC123', TRUE, SYSDATE, 32);
INSERT INTO PLACA (PLACA_ID, NUM_PLACA, ES_ACTIVA, FECHA_ASIGNACION, ENTIDAD_ID) 
VALUES (2, 'DEF456', TRUE, SYSDATE, 17);
INSERT INTO PLACA (PLACA_ID, NUM_PLACA, ES_ACTIVA, FECHA_ASIGNACION, ENTIDAD_ID) 
VALUES (3, 'GHI789', TRUE, SYSDATE, 16);
INSERT INTO PLACA (PLACA_ID, NUM_PLACA, ES_ACTIVA, FECHA_ASIGNACION, ENTIDAD_ID) 
VALUES (4, 'JKL012', TRUE, SYSDATE, 16);
INSERT INTO PLACA (PLACA_ID, NUM_PLACA, ES_ACTIVA, FECHA_ASIGNACION, ENTIDAD_ID) 
VALUES (5, 'MNO345', TRUE, SYSDATE, 16);

INSERT INTO VEHICULO (VEHICULO_ID, NUM_SERIE_DISPOSITIVO, FECHA_ESTATUS, ES_DE_CARGA, ES_TRANSPORTE_PUBLICO, ES_PARTICULAR, NUM_SERIE_VEHICULO, MODELO_ID, PROPIETARIO_ID, ESTATUS_VEHICULO_ID, PLACA_ID)
VALUES (1, 'SERIE001', SYSDATE, FALSE, FALSE, TRUE, 'SERIEV001', 1, 1, 1, 1);
INSERT INTO VEHICULO (VEHICULO_ID, NUM_SERIE_DISPOSITIVO, FECHA_ESTATUS, ES_DE_CARGA, ES_TRANSPORTE_PUBLICO, ES_PARTICULAR, NUM_SERIE_VEHICULO, MODELO_ID, PROPIETARIO_ID, ESTATUS_VEHICULO_ID, PLACA_ID)
VALUES (2, 'SERIE002', SYSDATE, TRUE, FALSE, FALSE, 'SERIEV002', 2, 1, 1, 2);
INSERT INTO VEHICULO (VEHICULO_ID, NUM_SERIE_DISPOSITIVO, FECHA_ESTATUS, ES_DE_CARGA, ES_TRANSPORTE_PUBLICO, ES_PARTICULAR, NUM_SERIE_VEHICULO, MODELO_ID, PROPIETARIO_ID, ESTATUS_VEHICULO_ID, PLACA_ID)
VALUES (3, 'SERIE003', SYSDATE, FALSE, TRUE, FALSE, 'SERIEV003', 3, 1, 1, 3);
INSERT INTO VEHICULO (VEHICULO_ID, NUM_SERIE_DISPOSITIVO, FECHA_ESTATUS, ES_DE_CARGA, ES_TRANSPORTE_PUBLICO, ES_PARTICULAR, NUM_SERIE_VEHICULO, MODELO_ID, PROPIETARIO_ID, ESTATUS_VEHICULO_ID, PLACA_ID)
VALUES (4, 'SERIE004', SYSDATE, FALSE, FALSE, TRUE, 'SERIEV004', 4, 1, 1, 4);
INSERT INTO VEHICULO (VEHICULO_ID, NUM_SERIE_DISPOSITIVO, FECHA_ESTATUS, ES_DE_CARGA, ES_TRANSPORTE_PUBLICO, ES_PARTICULAR, NUM_SERIE_VEHICULO, MODELO_ID, PROPIETARIO_ID, ESTATUS_VEHICULO_ID, PLACA_ID)
VALUES (5, 'SERIE005', SYSDATE, TRUE, FALSE, FALSE, 'SERIEV005', 5, 1, 1, 5);












