/*
@Autor:           Belmont Muñoz Samuel
                  Capistrán Manuel
@Fecha creación:  dd/mm/yyyy
@Descripción:     Carga inicial para la base de datos
*/

--
--ENTIDAD
--
INSERT INTO ENTIDAD(ENTIDAD_ID, NOMBRE, CLAVE) VALUES(ENTIDAD_SEQ.nextval, 'CIUDAD DE MEXICO', 'CDMX');
INSERT INTO ENTIDAD(ENTIDAD_ID, NOMBRE, CLAVE) VALUES(ENTIDAD_SEQ.nextval, 'PUEBLA', 'PUE');
INSERT INTO ENTIDAD(ENTIDAD_ID, NOMBRE, CLAVE) VALUES(ENTIDAD_SEQ.nextval, 'AGUASCALIENTES', 'AGS');
INSERT INTO ENTIDAD(ENTIDAD_ID, NOMBRE, CLAVE) VALUES(ENTIDAD_SEQ.nextval, 'BAJA CALIFORNIA', 'BC');
INSERT INTO ENTIDAD(ENTIDAD_ID, NOMBRE, CLAVE) VALUES(ENTIDAD_SEQ.nextval, 'BAJA CALIFORNIA SUR', 'BCS');
INSERT INTO ENTIDAD(ENTIDAD_ID, NOMBRE, CLAVE) VALUES(ENTIDAD_SEQ.nextval, 'CAMPECHE', 'CAM');
INSERT INTO ENTIDAD(ENTIDAD_ID, NOMBRE, CLAVE) VALUES(ENTIDAD_SEQ.nextval, 'CHIAPAS', 'CHIS');
INSERT INTO ENTIDAD(ENTIDAD_ID, NOMBRE, CLAVE) VALUES(ENTIDAD_SEQ.nextval, 'CHIHUAHUA', 'CHIH');
INSERT INTO ENTIDAD(ENTIDAD_ID, NOMBRE, CLAVE) VALUES(ENTIDAD_SEQ.nextval, 'COAHUILA', 'COAH');
INSERT INTO ENTIDAD(ENTIDAD_ID, NOMBRE, CLAVE) VALUES(ENTIDAD_SEQ.nextval, 'COLIMA', 'COL');
INSERT INTO ENTIDAD(ENTIDAD_ID, NOMBRE, CLAVE) VALUES(ENTIDAD_SEQ.nextval, 'DURANGO', 'DGO');
INSERT INTO ENTIDAD(ENTIDAD_ID, NOMBRE, CLAVE) VALUES(ENTIDAD_SEQ.nextval, 'GUANAJUATO', 'GTO');
INSERT INTO ENTIDAD(ENTIDAD_ID, NOMBRE, CLAVE) VALUES(ENTIDAD_SEQ.nextval, 'GUERRERO', 'GRO');
INSERT INTO ENTIDAD(ENTIDAD_ID, NOMBRE, CLAVE) VALUES(ENTIDAD_SEQ.nextval, 'HIDALGO', 'HGO');
INSERT INTO ENTIDAD(ENTIDAD_ID, NOMBRE, CLAVE) VALUES(ENTIDAD_SEQ.nextval, 'JALISCO', 'JAL');
INSERT INTO ENTIDAD(ENTIDAD_ID, NOMBRE, CLAVE) VALUES(ENTIDAD_SEQ.nextval, 'MEXICO', 'MEX');
INSERT INTO ENTIDAD(ENTIDAD_ID, NOMBRE, CLAVE) VALUES(ENTIDAD_SEQ.nextval, 'MICHOACAN', 'MICH');
INSERT INTO ENTIDAD(ENTIDAD_ID, NOMBRE, CLAVE) VALUES(ENTIDAD_SEQ.nextval, 'MORELOS', 'MOR');
INSERT INTO ENTIDAD(ENTIDAD_ID, NOMBRE, CLAVE) VALUES(ENTIDAD_SEQ.nextval, 'NAYARIT', 'NAY');
INSERT INTO ENTIDAD(ENTIDAD_ID, NOMBRE, CLAVE) VALUES(ENTIDAD_SEQ.nextval, 'NUEVO LEON', 'NL');
INSERT INTO ENTIDAD(ENTIDAD_ID, NOMBRE, CLAVE) VALUES(ENTIDAD_SEQ.nextval, 'OAXACA', 'OAX');
INSERT INTO ENTIDAD(ENTIDAD_ID, NOMBRE, CLAVE) VALUES(ENTIDAD_SEQ.nextval, 'PUEBLA', 'PUE');
INSERT INTO ENTIDAD(ENTIDAD_ID, NOMBRE, CLAVE) VALUES(ENTIDAD_SEQ.nextval, 'QUERETARO', 'QRO');
INSERT INTO ENTIDAD(ENTIDAD_ID, NOMBRE, CLAVE) VALUES(ENTIDAD_SEQ.nextval, 'QUINTANA ROO', 'QR');
INSERT INTO ENTIDAD(ENTIDAD_ID, NOMBRE, CLAVE) VALUES(ENTIDAD_SEQ.nextval, 'SAN LUIS POTOSI', 'SLP');
INSERT INTO ENTIDAD(ENTIDAD_ID, NOMBRE, CLAVE) VALUES(ENTIDAD_SEQ.nextval, 'SINALOA', 'SIN');
INSERT INTO ENTIDAD(ENTIDAD_ID, NOMBRE, CLAVE) VALUES(ENTIDAD_SEQ.nextval, 'SONORA', 'SON');
INSERT INTO ENTIDAD(ENTIDAD_ID, NOMBRE, CLAVE) VALUES(ENTIDAD_SEQ.nextval, 'TABASCO', 'TAB');
INSERT INTO ENTIDAD(ENTIDAD_ID, NOMBRE, CLAVE) VALUES(ENTIDAD_SEQ.nextval, 'TAMAULIPAS', 'TAMPS');
INSERT INTO ENTIDAD(ENTIDAD_ID, NOMBRE, CLAVE) VALUES(ENTIDAD_SEQ.nextval, 'TLAXCALA', 'TLAX');
INSERT INTO ENTIDAD(ENTIDAD_ID, NOMBRE, CLAVE) VALUES(ENTIDAD_SEQ.nextval, 'VERACRUZ', 'VER');
INSERT INTO ENTIDAD(ENTIDAD_ID, NOMBRE, CLAVE) VALUES(ENTIDAD_SEQ.nextval, 'YUCATAN', 'YUC');
INSERT INTO ENTIDAD(ENTIDAD_ID, NOMBRE, CLAVE) VALUES(ENTIDAD_SEQ.nextval, 'ZACATECAS', 'ZAC');


--
--PLACA
--
INSERT INTO PLACA(PLACA_ID,ES_ACTIVA,NUM_PLACA,FECHA_ASIGNACION,ENTIDAD_ID) 
VALUES(PLACA_SEQ.nextval,1,'RCN205D',TO_DATE('2010/01/01','YYYY/MM/DD'),1);
INSERT INTO PLACA(PLACA_ID,ES_ACTIVA,NUM_PLACA,FECHA_ASIGNACION,ENTIDAD_ID) 
VALUES(PLACA_SEQ.nextval,1,'PBV8004',TO_DATE('2007/01/01','YYYY/MM/DD'),1);
INSERT INTO PLACA(PLACA_ID,ES_ACTIVA,NUM_PLACA,FECHA_ASIGNACION,ENTIDAD_ID) 
VALUES(PLACA_SEQ.nextval,1,'T26ATA', TO_DATE('2004/01/01','YYYY/MM/DD'),1);
INSERT INTO PLACA(PLACA_ID,ES_ACTIVA,NUM_PLACA,FECHA_ASIGNACION,ENTIDAD_ID) 
VALUES(PLACA_SEQ.nextval,1,'123ABC', TO_DATE('2003/11/23','YYYY/MM/DD'),2);
INSERT INTO PLACA(PLACA_ID,ES_ACTIVA,NUM_PLACA,FECHA_ASIGNACION,ENTIDAD_ID) 
VALUES(PLACA_SEQ.nextval,0,'MRR647A',TO_DATE('2008/11/30','YYYY/MM/DD'),2);
INSERT INTO PLACA(PLACA_ID, ES_ACTIVA, NUM_PLACA, FECHA_ASIGNACION, ENTIDAD_ID) 
VALUES (PLACA_SEQ.nextval, 1, 'FCD345D', TO_DATE('2012/05/15', 'YYYY/MM/DD'), 3);
INSERT INTO PLACA(PLACA_ID, ES_ACTIVA, NUM_PLACA, FECHA_ASIGNACION, ENTIDAD_ID) 
VALUES (PLACA_SEQ.nextval, 0, 'JKL789F', TO_DATE('2015/09/20', 'YYYY/MM/DD'), 4);
INSERT INTO PLACA(PLACA_ID, ES_ACTIVA, NUM_PLACA, FECHA_ASIGNACION, ENTIDAD_ID) 
VALUES (PLACA_SEQ.nextval, 1, 'ZXY123G', TO_DATE('2018/03/10', 'YYYY/MM/DD'), 5);
INSERT INTO PLACA(PLACA_ID, ES_ACTIVA, NUM_PLACA, FECHA_ASIGNACION, ENTIDAD_ID) 
VALUES (PLACA_SEQ.nextval, 0, 'GHT567K', TO_DATE('2020/07/01', 'YYYY/MM/DD'), 6);
INSERT INTO PLACA(PLACA_ID, ES_ACTIVA, NUM_PLACA, FECHA_ASIGNACION, ENTIDAD_ID) 
VALUES (PLACA_SEQ.nextval, 1, 'PLM432L', TO_DATE('2022/10/25', 'YYYY/MM/DD'), 7);

--
--PROPIETARIO
--
INSERT INTO PROPIETARIO (PROPIETARIO_ID, NOMBRE, AP_PATERNO, AP_MATERNO, RFC, CURP, EMAIL, DERECHO_LICENCIA) 
VALUES (PROPIETARIO_SEQ.nextval, 'MANUEL', 'CAPISTRAN', 'PONCE', 'CAPM020110SI3', 'CAPM020110HDFPNNA3', 'MANUELECAPISTRAN@GMAIL.COM', TRUE);
INSERT INTO PROPIETARIO (PROPIETARIO_ID, NOMBRE, AP_PATERNO, AP_MATERNO, RFC, CURP, EMAIL, DERECHO_LICENCIA) 
VALUES (PROPIETARIO_SEQ.nextval, 'FERNANDA', 'SANCHEZ', 'DIAZ', 'SADR050510MDF', NULL, 'FERNISAENZ16@GMAIL.COM', TRUE);
INSERT INTO PROPIETARIO (PROPIETARIO_ID, NOMBRE, AP_PATERNO, AP_MATERNO, RFC, CURP, EMAIL, DERECHO_LICENCIA) 
VALUES (PROPIETARIO_SEQ.nextval, 'REBECA', 'SANCHEZ', 'DIAZ', 'SADF030421DF', NULL, 'REBECA.SAENZ.DIAZ@GMAIL.COM', TRUE);
INSERT INTO PROPIETARIO (PROPIETARIO_ID, NOMBRE, AP_PATERNO, AP_MATERNO, RFC, CURP, EMAIL, DERECHO_LICENCIA) 
VALUES (PROPIETARIO_SEQ.nextval, 'JORGE', 'SANCHEZ', 'GUTIERREZ', 'SAGJ680107SP1', 'SAGJ680107HDFPMN4', 'JORGESPEJOS@HOTMAIL.COM', TRUE);
INSERT INTO PROPIETARIO (PROPIETARIO_ID, NOMBRE, AP_PATERNO, AP_MATERNO, RFC, CURP, EMAIL, DERECHO_LICENCIA) 
VALUES (PROPIETARIO_SEQ.nextval, 'KARIS', 'DIAZ', 'GONZALEZ', 'DIGK750530CZ6', 'DIGK750530MDFPMN5', 'PSIC.KARINADIAZ@GMAIL.COM', TRUE);
INSERT INTO PROPIETARIO (PROPIETARIO_ID, NOMBRE, AP_PATERNO, AP_MATERNO, RFC, CURP, EMAIL, DERECHO_LICENCIA) 
VALUES (PROPIETARIO_SEQ.nextval, 'ANDREA', 'LOPEZ', 'GOMEZ', 'LOGA950315MN4', 'LOGA950315MDFPLN9', 'ANDREA.LOPEZ@GMAIL.COM', TRUE);
INSERT INTO PROPIETARIO (PROPIETARIO_ID, NOMBRE, AP_PATERNO, AP_MATERNO, RFC, CURP, EMAIL, DERECHO_LICENCIA) 
VALUES (PROPIETARIO_SEQ.nextval, 'DANIEL', 'PEREZ', 'MARTINEZ', 'PERD881231HQ9', NULL, 'DANIEL.PEREZ@YAHOO.COM', FALSE);
INSERT INTO PROPIETARIO (PROPIETARIO_ID, NOMBRE, AP_PATERNO, AP_MATERNO, RFC, CURP, EMAIL, DERECHO_LICENCIA) 
VALUES (PROPIETARIO_SEQ.nextval, 'LUCIA', 'HERNANDEZ', 'RODRIGUEZ', 'HERO970101LR8', 'HERO970101MDFRLN3', 'LUCIA.HERNANDEZ@GMAIL.COM', TRUE);
INSERT INTO PROPIETARIO (PROPIETARIO_ID, NOMBRE, AP_PATERNO, AP_MATERNO, RFC, CURP, EMAIL, DERECHO_LICENCIA) 
VALUES (PROPIETARIO_SEQ.nextval, 'CARLOS', 'TORRES', 'VARGAS', 'TORC840715TH2', NULL, 'CARLOS.TORRES@OUTLOOK.COM', TRUE);
INSERT INTO PROPIETARIO (PROPIETARIO_ID, NOMBRE, AP_PATERNO, AP_MATERNO, RFC, CURP, EMAIL, DERECHO_LICENCIA) 
VALUES (PROPIETARIO_SEQ.nextval, 'MARIA', 'GARCIA', 'FERNANDEZ', 'GARM850223QL1', 'GARM850223MDFPLN6', 'MARIA.GARCIA@HOTMAIL.COM', FALSE);

--
--LICENCIA
--
INSERT INTO LICENCIA (LICENCIA_ID,FOTO,FIRMA,HUELLA_INDICE_DER,HUELLA_INDICE_IZQ,NUM_LICENCIA,TIPO,FECHA_EMISION,PROPIETARIO_ID,LICENCIA_ANTERIOR_ID,ES_ACTIVA) 
VALUES (LICENCIA_SEQ.nextval,EMPTY_BLOB(), EMPTY_BLOB(),EMPTY_BLOB(),EMPTY_BLOB(),'LIC001','A',TO_DATE('2023-01-01', 'YYYY-MM-DD'),1, NULL,FALSE);
INSERT INTO LICENCIA (LICENCIA_ID,FOTO,FIRMA,HUELLA_INDICE_DER,HUELLA_INDICE_IZQ,NUM_LICENCIA,TIPO,FECHA_EMISION,PROPIETARIO_ID,LICENCIA_ANTERIOR_ID,ES_ACTIVA) 
VALUES (LICENCIA_SEQ.nextval,EMPTY_BLOB(),EMPTY_BLOB(),EMPTY_BLOB(),EMPTY_BLOB(),'LIC002','B',TO_DATE('2022-05-15', 'YYYY-MM-DD'), 2,NULL,TRUE);
INSERT INTO LICENCIA (LICENCIA_ID,FOTO,FIRMA,HUELLA_INDICE_DER,HUELLA_INDICE_IZQ,NUM_LICENCIA,TIPO,FECHA_EMISION,PROPIETARIO_ID,LICENCIA_ANTERIOR_ID,ES_ACTIVA) 
VALUES (LICENCIA_SEQ.nextval,EMPTY_BLOB(),EMPTY_BLOB(),EMPTY_BLOB(),EMPTY_BLOB(),'LIC003','C',TO_DATE('2021-03-10', 'YYYY-MM-DD'),3,NULL,FALSE);
INSERT INTO LICENCIA (LICENCIA_ID,FOTO,FIRMA,HUELLA_INDICE_DER,HUELLA_INDICE_IZQ,NUM_LICENCIA,TIPO,FECHA_EMISION,PROPIETARIO_ID,LICENCIA_ANTERIOR_ID,ES_ACTIVA) 
VALUES (LICENCIA_SEQ.nextval,EMPTY_BLOB(),EMPTY_BLOB(),EMPTY_BLOB(),EMPTY_BLOB(),'LIC004','A',TO_DATE('2020-07-20', 'YYYY-MM-DD'), 4,NULL,TRUE);
INSERT INTO LICENCIA (LICENCIA_ID,FOTO,FIRMA,HUELLA_INDICE_DER,HUELLA_INDICE_IZQ,NUM_LICENCIA,TIPO,FECHA_EMISION,PROPIETARIO_ID,LICENCIA_ANTERIOR_ID,ES_ACTIVA) 
VALUES (LICENCIA_SEQ.nextval,EMPTY_BLOB(),EMPTY_BLOB(),EMPTY_BLOB(),EMPTY_BLOB(),'LIC005','B',TO_DATE('2019-11-30', 'YYYY-MM-DD'),5,NULL,FALSE);
INSERT INTO LICENCIA (LICENCIA_ID,FOTO,FIRMA,HUELLA_INDICE_DER,HUELLA_INDICE_IZQ,NUM_LICENCIA,TIPO,FECHA_EMISION,PROPIETARIO_ID,LICENCIA_ANTERIOR_ID,ES_ACTIVA) 
VALUES (LICENCIA_SEQ.nextval,EMPTY_BLOB(),EMPTY_BLOB(),EMPTY_BLOB(),EMPTY_BLOB(),'LIC006', 'A',TO_DATE('2024-01-01', 'YYYY-MM-DD'), 1, (SELECT LICENCIA_ID FROM LICENCIA WHERE NUM_LICENCIA = 'LIC001'),TRUE );

--
--MARCA
--
INSERT INTO MARCA (MARCA_ID, CLAVE, DESCRIPCION) VALUES (MARCA_SEQ.nextval, 'TOY', 'TOYOTA');
INSERT INTO MARCA (MARCA_ID, CLAVE, DESCRIPCION) VALUES (MARCA_SEQ.nextval, 'HON', 'HONDA');
INSERT INTO MARCA (MARCA_ID, CLAVE, DESCRIPCION) VALUES (MARCA_SEQ.nextval, 'FOR', 'FORD');
INSERT INTO MARCA (MARCA_ID, CLAVE, DESCRIPCION) VALUES (MARCA_SEQ.nextval, 'CHE', 'CHEVROLET');
INSERT INTO MARCA (MARCA_ID, CLAVE, DESCRIPCION) VALUES (MARCA_SEQ.nextval, 'BMW', 'BMW');
INSERT INTO MARCA (MARCA_ID, CLAVE, DESCRIPCION) VALUES (MARCA_SEQ.nextval, 'MER', 'MERCEDES');
INSERT INTO MARCA (MARCA_ID, CLAVE, DESCRIPCION) VALUES (MARCA_SEQ.nextval, 'AUD', 'AUDI');
INSERT INTO MARCA (MARCA_ID, CLAVE, DESCRIPCION) VALUES (MARCA_SEQ.nextval, 'NIS', 'NISSAN');
INSERT INTO MARCA (MARCA_ID, CLAVE, DESCRIPCION) VALUES (MARCA_SEQ.nextval, 'HYU', 'HYUNDAI');
INSERT INTO MARCA (MARCA_ID, CLAVE, DESCRIPCION) VALUES (MARCA_SEQ.nextval, 'TES', 'TESLA');

--
--MODELO
--
INSERT INTO MODELO (MODELO_ID, NOMBRE, ANIO, MARCA_ID) VALUES (MODELO_SEQ.nextval, 'COROLLA', 2023, (SELECT MARCA_ID FROM MARCA WHERE CLAVE = 'TOY'));
INSERT INTO MODELO (MODELO_ID, NOMBRE, ANIO, MARCA_ID) VALUES (MODELO_SEQ.nextval, 'CAMRY', 2022, (SELECT MARCA_ID FROM MARCA WHERE CLAVE = 'TOY'));
INSERT INTO MODELO (MODELO_ID, NOMBRE, ANIO, MARCA_ID) VALUES (MODELO_SEQ.nextval, 'CIVIC', 2021, (SELECT MARCA_ID FROM MARCA WHERE CLAVE = 'HON'));
INSERT INTO MODELO (MODELO_ID, NOMBRE, ANIO, MARCA_ID) VALUES (MODELO_SEQ.nextval, 'ACCORD', 2020, (SELECT MARCA_ID FROM MARCA WHERE CLAVE = 'HON'));
INSERT INTO MODELO (MODELO_ID, NOMBRE, ANIO, MARCA_ID) VALUES (MODELO_SEQ.nextval, 'F-150', 2023, (SELECT MARCA_ID FROM MARCA WHERE CLAVE = 'FOR'));
INSERT INTO MODELO (MODELO_ID, NOMBRE, ANIO, MARCA_ID) VALUES (MODELO_SEQ.nextval, 'MUSTANG', 2021, (SELECT MARCA_ID FROM MARCA WHERE CLAVE = 'FOR'));
INSERT INTO MODELO (MODELO_ID, NOMBRE, ANIO, MARCA_ID) VALUES (MODELO_SEQ.nextval, 'SILVERADO', 2022, (SELECT MARCA_ID FROM MARCA WHERE CLAVE = 'CHE'));
INSERT INTO MODELO (MODELO_ID, NOMBRE, ANIO, MARCA_ID) VALUES (MODELO_SEQ.nextval, 'CAMARO', 2023, (SELECT MARCA_ID FROM MARCA WHERE CLAVE = 'CHE'));
INSERT INTO MODELO (MODELO_ID, NOMBRE, ANIO, MARCA_ID) VALUES (MODELO_SEQ.nextval, 'SERIES 3', 2022, (SELECT MARCA_ID FROM MARCA WHERE CLAVE = 'BMW'));
INSERT INTO MODELO (MODELO_ID, NOMBRE, ANIO, MARCA_ID) VALUES (MODELO_SEQ.nextval, 'SERIES 5', 2021, (SELECT MARCA_ID FROM MARCA WHERE CLAVE = 'BMW'));
INSERT INTO MODELO (MODELO_ID, NOMBRE, ANIO, MARCA_ID) VALUES (MODELO_SEQ.nextval, 'C-CLASS', 2023, (SELECT MARCA_ID FROM MARCA WHERE CLAVE = 'MER'));
INSERT INTO MODELO (MODELO_ID, NOMBRE, ANIO, MARCA_ID) VALUES (MODELO_SEQ.nextval, 'E-CLASS', 2022, (SELECT MARCA_ID FROM MARCA WHERE CLAVE = 'MER'));
INSERT INTO MODELO (MODELO_ID, NOMBRE, ANIO, MARCA_ID) VALUES (MODELO_SEQ.nextval, 'A4', 2023, (SELECT MARCA_ID FROM MARCA WHERE CLAVE = 'AUD'));
INSERT INTO MODELO (MODELO_ID, NOMBRE, ANIO, MARCA_ID) VALUES (MODELO_SEQ.nextval, 'Q5', 2022, (SELECT MARCA_ID FROM MARCA WHERE CLAVE = 'AUD'));
INSERT INTO MODELO (MODELO_ID, NOMBRE, ANIO, MARCA_ID) VALUES (MODELO_SEQ.nextval, 'SENTRA', 2021, (SELECT MARCA_ID FROM MARCA WHERE CLAVE = 'NIS'));
INSERT INTO MODELO (MODELO_ID, NOMBRE, ANIO, MARCA_ID) VALUES (MODELO_SEQ.nextval, 'VERSA', 2023, (SELECT MARCA_ID FROM MARCA WHERE CLAVE = 'NIS'));
INSERT INTO MODELO (MODELO_ID, NOMBRE, ANIO, MARCA_ID) VALUES (MODELO_SEQ.nextval, 'TUCSON', 2022, (SELECT MARCA_ID FROM MARCA WHERE CLAVE = 'HYU'));
INSERT INTO MODELO (MODELO_ID, NOMBRE, ANIO, MARCA_ID) VALUES (MODELO_SEQ.nextval, 'SANTA FE', 2021, (SELECT MARCA_ID FROM MARCA WHERE CLAVE = 'HYU'));
INSERT INTO MODELO (MODELO_ID, NOMBRE, ANIO, MARCA_ID) VALUES (MODELO_SEQ.nextval, 'MODEL S', 2023, (SELECT MARCA_ID FROM MARCA WHERE CLAVE = 'TES'));
INSERT INTO MODELO (MODELO_ID, NOMBRE, ANIO, MARCA_ID) VALUES (MODELO_SEQ.nextval, 'MODEL 3', 2023, (SELECT MARCA_ID FROM MARCA WHERE CLAVE = 'TES'));

--
--STATUS
--
INSERT INTO ESTATUS_VEHICULO (ESTATUS_VEHICULO_ID, CLAVE, DESCRIPCION) 
VALUES (1, 'ER', 'EN_REGLA');
INSERT INTO ESTATUS_VEHICULO (ESTATUS_VEHICULO_ID, CLAVE, DESCRIPCION) 
VALUES (2, 'CLE', 'CON LICENCIA EXPIRADA');
INSERT INTO ESTATUS_VEHICULO (ESTATUS_VEHICULO_ID, CLAVE, DESCRIPCION) 
VALUES (3, 'CAI', 'CON ADEUDO DE IMPUESTO');
INSERT INTO ESTATUS_VEHICULO (ESTATUS_VEHICULO_ID, CLAVE, DESCRIPCION) 
VALUES (4, 'CVP', 'CON VERIFICACION PENDIENTE');
--
--VEHICULO
--
-- Vehículo de carga
INSERT INTO VEHICULO (VEHICULO_ID, NUM_SERIE_DISPOSITIVO, FECHA_ESTATUS, ES_DE_CARGA, ES_TRANSPORTE_PUBLICO, ES_PARTICULAR, NUM_SERIE_VEHICULO, MODELO_ID, PROPIETARIO_ID, ESTATUS_VEHICULO_ID, PLACA_ID) 
VALUES (VEHICULO_SEQ.nextval, 'DVC12345678901234A',  TO_DATE('2023-01-01', 'YYYY-MM-DD'), TRUE, FALSE, FALSE, 'VC12345678901234A', 1, 1, 1,1  );
-- Vehículo de transporte público
INSERT INTO VEHICULO (VEHICULO_ID, NUM_SERIE_DISPOSITIVO, FECHA_ESTATUS, ES_DE_CARGA, ES_TRANSPORTE_PUBLICO, ES_PARTICULAR, NUM_SERIE_VEHICULO, MODELO_ID, PROPIETARIO_ID, ESTATUS_VEHICULO_ID, PLACA_ID) 
VALUES (VEHICULO_SEQ.nextval, 'TPB12345678901234B', TO_DATE('2022-05-15', 'YYYY-MM-DD'), FALSE,  TRUE, FALSE, 'VP12345678901234B', 2, 2, 2,2  );
-- Vehículo particular
INSERT INTO VEHICULO (VEHICULO_ID, NUM_SERIE_DISPOSITIVO, FECHA_ESTATUS, ES_DE_CARGA, ES_TRANSPORTE_PUBLICO, ES_PARTICULAR, NUM_SERIE_VEHICULO, MODELO_ID, PROPIETARIO_ID, ESTATUS_VEHICULO_ID, PLACA_ID) 
VALUES (VEHICULO_SEQ.nextval, 'PRT12345678901234C', TO_DATE('2021-03-10', 'YYYY-MM-DD'), FALSE, FALSE,  TRUE, 'VP12345678901234C', 3, 3, 3,3  );
-- Vehículo de carga
INSERT INTO VEHICULO (VEHICULO_ID, NUM_SERIE_DISPOSITIVO, FECHA_ESTATUS, ES_DE_CARGA, ES_TRANSPORTE_PUBLICO, ES_PARTICULAR, NUM_SERIE_VEHICULO, MODELO_ID, PROPIETARIO_ID, ESTATUS_VEHICULO_ID, PLACA_ID) 
VALUES (VEHICULO_SEQ.nextval, 'DVC56789012345678D',  TO_DATE('2020-07-20', 'YYYY-MM-DD'), TRUE, FALSE, FALSE, 'VC56789012345678D', 4, 4, 4,4  );
-- Vehículo particular
INSERT INTO VEHICULO (VEHICULO_ID, NUM_SERIE_DISPOSITIVO, FECHA_ESTATUS, ES_DE_CARGA, ES_TRANSPORTE_PUBLICO, ES_PARTICULAR, NUM_SERIE_VEHICULO, MODELO_ID, PROPIETARIO_ID, ESTATUS_VEHICULO_ID, PLACA_ID) 
VALUES (VEHICULO_SEQ.nextval, 'PRT56789012345678E', TO_DATE('2019-11-30', 'YYYY-MM-DD'), FALSE, FALSE,  TRUE, 'VP56789012345678E', 5, 5, 4,5  );
-- Vehículo de transporte público
INSERT INTO VEHICULO (VEHICULO_ID, NUM_SERIE_DISPOSITIVO, FECHA_ESTATUS, ES_DE_CARGA, ES_TRANSPORTE_PUBLICO, ES_PARTICULAR, NUM_SERIE_VEHICULO, MODELO_ID, PROPIETARIO_ID, ESTATUS_VEHICULO_ID, PLACA_ID) 
VALUES (VEHICULO_SEQ.nextval, 'TPB12345623455678E', TO_DATE('2021-05-15', 'YYYY-MM-DD'), FALSE,  TRUE, FALSE, 'VP12345678555555B', 6, 6, 1,6  );

--
--DE_CARGA
--
INSERT INTO DE_CARGA (VEHICULO_ID,NUM_REMOLQUES,CAPACIDAD,UNIDADES) 
VALUES (1, 2, 15.000, 't' );

INSERT INTO DE_CARGA (VEHICULO_ID,NUM_REMOLQUES,CAPACIDAD,UNIDADES) 
VALUES (4, 1,10.500, 't');

--
--TRANSPORTE_PUBLICO
--
INSERT INTO TRANSPORTE_PUBLICO (VEHICULO_ID,TIPO_TRANSPORTE_PUBLICO,TIPO_LICENCIA_REQ,PASAJEROS_SENTADOS,PASAJEROS_PARADOS) 
VALUES (2, 'T', 'A', 20, 10);

INSERT INTO TRANSPORTE_PUBLICO (VEHICULO_ID,TIPO_TRANSPORTE_PUBLICO,TIPO_LICENCIA_REQ,PASAJEROS_SENTADOS,PASAJEROS_PARADOS) 
VALUES (6, 'V',  'B', 12, 8);

--
--PARTICULAR
--
INSERT INTO PARTICULAR (VEHICULO_ID,NUM_BOLSAS_AIRE,FRENOS_ABS,TIPO_TRANSMISION) 
VALUES (3, 4, TRUE, 'A' );

INSERT INTO PARTICULAR (VEHICULO_ID,NUM_BOLSAS_AIRE,FRENOS_ABS,TIPO_TRANSMISION) 
VALUES (5,  2, TRUE,'M' );


--
--HISTORICO_ESTATUS_VEHICULO
--
-- Registro 1: Cambio de estatus a "DISPONIBLE"
INSERT INTO HISTORICO_ESTATUS_VEHICULO (HISTORICO_ESTATUS_VEHICULO_ID,FECHA_ESTATUS,VEHICULO_ID,ESTATUS_VEHICULO_ID) 
VALUES (HISTORICO_ESTATUS_VEHICULO_SEQ.nextval, TO_DATE('2023-01-01', 'YYYY-MM-DD'), 1, 1  );
-- Registro 2: Cambio de estatus a "EN_MANTENIMIENTO"
INSERT INTO HISTORICO_ESTATUS_VEHICULO (HISTORICO_ESTATUS_VEHICULO_ID,FECHA_ESTATUS,VEHICULO_ID,ESTATUS_VEHICULO_ID) 
VALUES (HISTORICO_ESTATUS_VEHICULO_SEQ.nextval, TO_DATE('2023-02-15', 'YYYY-MM-DD'), 2, 2  );
-- Registro 3: Cambio de estatus a "ASIGNADO"
INSERT INTO HISTORICO_ESTATUS_VEHICULO (HISTORICO_ESTATUS_VEHICULO_ID,FECHA_ESTATUS,VEHICULO_ID,ESTATUS_VEHICULO_ID) 
VALUES (HISTORICO_ESTATUS_VEHICULO_SEQ.nextval, TO_DATE('2023-03-10', 'YYYY-MM-DD'), 3, 4  );
-- Registro 4: Cambio de estatus a "FeUERA_DE_SERVICIO"
INSERT INTO HISTORICO_ESTATUS_VEHICULO (HISTORICO_ESTATUS_VEHICULO_ID,FECHA_ESTATUS,VEHICULO_ID,ESTATUS_VEHICULO_ID) 
VALUES (HISTORICO_ESTATUS_VEHICULO_SEQ.nextval, TO_DATE('2023-04-01', 'YYYY-MM-DD'), 4, 3  );
-- Registro 5: Cambio de estatus a "RETIRADO"
INSERT INTO HISTORICO_ESTATUS_VEHICULO (HISTORICO_ESTATUS_VEHICULO_ID,FECHA_ESTATUS,VEHICULO_ID,ESTATUS_VEHICULO_ID) 
VALUES (HISTORICO_ESTATUS_VEHICULO_SEQ.nextval, TO_DATE('2023-05-15', 'YYYY-MM-DD'), 5, 2  );

--
--VERIFICACION
--
-- Registro 1: Verificación de vehículo 1
INSERT INTO VERIFICACION (VERIFICACION_ID, FECHA_VERIFICACION, FOLIO, CLAVE_VERIFICENTRO, VEHICULO_ID) 
VALUES (VERIFICACION_SEQ.nextval, TO_DATE('2023-01-15', 'YYYY-MM-DD'), 'FOL1234567890', 'CVMX1', 1 );
-- Registro 2: Verificación de vehículo 2
INSERT INTO VERIFICACION (VERIFICACION_ID, FECHA_VERIFICACION, FOLIO, CLAVE_VERIFICENTRO, VEHICULO_ID) 
VALUES (VERIFICACION_SEQ.nextval, TO_DATE('2023-02-20', 'YYYY-MM-DD'), 'FOL2234567890', 'PUEB2', 2 );
-- Registro 3: Verificación de vehículo 3
INSERT INTO VERIFICACION (VERIFICACION_ID, FECHA_VERIFICACION, FOLIO, CLAVE_VERIFICENTRO, VEHICULO_ID) 
VALUES (VERIFICACION_SEQ.nextval, TO_DATE('2023-03-25', 'YYYY-MM-DD'), 'FOL3234567890', 'QROO3', 3 );
-- Registro 4: Verificación de vehículo 4
INSERT INTO VERIFICACION (VERIFICACION_ID, FECHA_VERIFICACION, FOLIO, CLAVE_VERIFICENTRO, VEHICULO_ID) 
VALUES (VERIFICACION_SEQ.nextval, TO_DATE('2023-04-10', 'YYYY-MM-DD'), 'FOL4234567890', 'BCNX4', 4 );
-- Registro 5: Verificación de vehículo 5
INSERT INTO VERIFICACION (VERIFICACION_ID, FECHA_VERIFICACION, FOLIO, CLAVE_VERIFICENTRO, VEHICULO_ID) 
VALUES (VERIFICACION_SEQ.nextval, TO_DATE('2023-05-05', 'YYYY-MM-DD'), 'FOL5234567890', 'JALX5', 5 );

--
--GAS
--
-- Registro 1: Monóxido de Carbono
INSERT INTO GAS (GAS_ID, CLAVE, DESCRIPCION, NIVELES_PERMITIDOS) 
VALUES (1, 'CO', 'Monóxido de Carbono', 0.800);
-- Registro 2: Dióxido de Carbono
INSERT INTO GAS (GAS_ID, CLAVE, DESCRIPCION, NIVELES_PERMITIDOS) 
VALUES (2, 'CO2', 'Dióxido de Carbono', 0.500);
-- Registro 3: Hidrocarburos
INSERT INTO GAS (GAS_ID, CLAVE, DESCRIPCION, NIVELES_PERMITIDOS) 
VALUES (3, 'HC', 'Hidrocarburos', 0.300);
-- Registro 4: Óxidos de Nitrógeno
INSERT INTO GAS (GAS_ID, CLAVE, DESCRIPCION, NIVELES_PERMITIDOS) 
VALUES (4, 'NOX', 'Óxidos de Nitrógeno', 0.200);



--
--REPORTE_VERIFICENTRO
--
-- Registro 1: Medición de Monóxido de Carbono para la Verificación 1
INSERT INTO REPORTE_VERIFICENTRO (GAS_ID, VERIFICACION_ID, VALOR_MEDIDO) 
VALUES (1, 1, 0.750);
-- Registro 2: Medición de Dióxido de Carbono para la Verificación 1
INSERT INTO REPORTE_VERIFICENTRO (GAS_ID, VERIFICACION_ID, VALOR_MEDIDO) 
VALUES (2, 1, 0.450);
-- Registro 3: Medición de Hidrocarburos para la Verificación 2
INSERT INTO REPORTE_VERIFICENTRO (GAS_ID, VERIFICACION_ID, VALOR_MEDIDO) 
VALUES (3, 2, 0.250);
-- Registro 4: Medición de Óxidos de Nitrógeno para la Verificación 2
INSERT INTO REPORTE_VERIFICENTRO (GAS_ID, VERIFICACION_ID, VALOR_MEDIDO)
VALUES (4, 2, 0.180);
-- Registro 5: Medición de Partículas Suspendidas para la Verificación 3
INSERT INTO REPORTE_VERIFICENTRO (GAS_ID, VERIFICACION_ID, VALOR_MEDIDO) 
VALUES (2, 3, 0.120);

--
--REPORTE_EMISIONES
--
-- Registro 1: Emisiones de Monóxido de Carbono del Vehículo 1
INSERT INTO REPORTE_EMISIONES (REPORTE_EMISIONES_ID, FECHA_REGISTRO, VALOR_MEDIDO, GAS_ID, VEHICULO_ID) 
VALUES (REPORTE_EMISIONES_SEQ.nextval, TO_DATE('2023-01-10', 'YYYY-MM-DD'), 0.0700, 1, 1  );
-- Registro 2: Emisiones de Dióxido de Carbono del Vehículo 2
INSERT INTO REPORTE_EMISIONES (REPORTE_EMISIONES_ID, FECHA_REGISTRO, VALOR_MEDIDO, GAS_ID, VEHICULO_ID) 
VALUES (REPORTE_EMISIONES_SEQ.nextval, TO_DATE('2023-02-15', 'YYYY-MM-DD'), 0.0400, 2, 2  );
-- Registro 3: Emisiones de Hidrocarburos del Vehículo 3
INSERT INTO REPORTE_EMISIONES (REPORTE_EMISIONES_ID, FECHA_REGISTRO, VALOR_MEDIDO, GAS_ID, VEHICULO_ID) 
VALUES (REPORTE_EMISIONES_SEQ.nextval, TO_DATE('2023-03-20', 'YYYY-MM-DD'), 0.0200, 3, 3  );
-- Registro 4: Emisiones de Óxidos de Nitrógeno del Vehículo 4
INSERT INTO REPORTE_EMISIONES (REPORTE_EMISIONES_ID, FECHA_REGISTRO, VALOR_MEDIDO, GAS_ID, VEHICULO_ID) 
VALUES (REPORTE_EMISIONES_SEQ.nextval, TO_DATE('2023-04-10', 'YYYY-MM-DD'), 0.0150, 4,  4 );
/*

INSERT INTO REPORTE_EMISIONES (REPORTE_EMISIONES_ID, FECHA_REGISTRO, VALOR_MEDIDO, GAS_ID, VEHICULO_ID) 
VALUES (REPORTE_EMISIONES_SEQ.nextval, TO_DATE('2023-05-05', 'YYYY-MM-DD'), 0.0100, 5, 5  );
-- se quitan para el intersect y el minus de kas consultas
*/
--
--NOTIFICACION
--
-- Registro 1: Notificación enviada el 2023-01-15
INSERT INTO NOTIFICACION (NOTIFICACION_ID, NUM_NOTIFICACION, FECHA_ENVIO) 
VALUES (NOTIFICACION_SEQ.nextval, 1001, TO_DATE('2023-01-15', 'YYYY-MM-DD'));
-- Registro 2: Notificación enviada el 2023-02-20
INSERT INTO NOTIFICACION (NOTIFICACION_ID, NUM_NOTIFICACION, FECHA_ENVIO) 
VALUES (NOTIFICACION_SEQ.nextval, 1002, TO_DATE('2023-02-20', 'YYYY-MM-DD'));
-- Registro 3: Notificación enviada el 2023-03-10
INSERT INTO NOTIFICACION (NOTIFICACION_ID, NUM_NOTIFICACION, FECHA_ENVIO) 
VALUES (NOTIFICACION_SEQ.nextval, 1003, TO_DATE('2023-03-10', 'YYYY-MM-DD'));
-- Registro 4: Notificación enviada el 2023-04-05
INSERT INTO NOTIFICACION (NOTIFICACION_ID, NUM_NOTIFICACION, FECHA_ENVIO) 
VALUES (NOTIFICACION_SEQ.nextval, 1004, TO_DATE('2023-04-05', 'YYYY-MM-DD'));
-- Registro 5: Notificación enviada el 2023-05-01
INSERT INTO NOTIFICACION (NOTIFICACION_ID, NUM_NOTIFICACION, FECHA_ENVIO) 
VALUES (NOTIFICACION_SEQ.nextval, 1005, TO_DATE('2023-05-01', 'YYYY-MM-DD'));

--
--REPORTE_EMISIONES_NOTIFICACION
--
-- Registro 1: Relación entre reporte de emisiones 1 y notificación 1
INSERT INTO REPORTE_EMISIONES_NOTIFICACION (REPORTE_EMISIONES_ID, NOTIFICACION_ID) 
VALUES (1, 1 );
-- Registro 2: Relación entre reporte de emisiones 2 y notificación 2
INSERT INTO REPORTE_EMISIONES_NOTIFICACION (REPORTE_EMISIONES_ID, NOTIFICACION_ID) 
VALUES (2, 2 );
-- Registro 3: Relación entre reporte de emisiones 3 y notificación 3
INSERT INTO REPORTE_EMISIONES_NOTIFICACION (REPORTE_EMISIONES_ID, NOTIFICACION_ID) 
VALUES (3, 3 );
-- Registro 4: Relación entre reporte de emisiones 4 y notificación 4
INSERT INTO REPORTE_EMISIONES_NOTIFICACION (REPORTE_EMISIONES_ID, NOTIFICACION_ID) 
VALUES (4, 4 );
--
--HISTORICO_PROPIETARIO_VEHICULO
--
-- Registro 1: Histórico para vehículo 1 y propietario 1
INSERT INTO HISTORICO_PROPIETARIO_VEHICULO (HISTORICO_PROPIETARIO_VEHICULO_ID, FECHA_COMPRA, FECHA_VENTA, VEHICULO_ID, PROPIETARIO_ID) 
VALUES (HISTORICO_PROPIETARIO_VEHICULO_SEQ.nextval, TO_DATE('2020-01-01', 'YYYY-MM-DD'), TO_DATE('2023-01-01', 'YYYY-MM-DD'), 1,1  );
-- Registro 2: Histórico para vehículo 2 y propietario 2
INSERT INTO HISTORICO_PROPIETARIO_VEHICULO (HISTORICO_PROPIETARIO_VEHICULO_ID, FECHA_COMPRA, FECHA_VENTA, VEHICULO_ID, PROPIETARIO_ID) 
VALUES (HISTORICO_PROPIETARIO_VEHICULO_SEQ.nextval, TO_DATE('2018-06-15', 'YYYY-MM-DD'), TO_DATE('2021-12-31', 'YYYY-MM-DD'), 2,2  );
-- Registro 3: Histórico para vehículo 3 y propietario 3
INSERT INTO HISTORICO_PROPIETARIO_VEHICULO (HISTORICO_PROPIETARIO_VEHICULO_ID, FECHA_COMPRA, FECHA_VENTA, VEHICULO_ID, PROPIETARIO_ID) 
VALUES (HISTORICO_PROPIETARIO_VEHICULO_SEQ.nextval, TO_DATE('2015-03-20', 'YYYY-MM-DD'), NULL, 3, 3  );
-- Registro 4: Histórico para vehículo 4 y propietario 4
INSERT INTO HISTORICO_PROPIETARIO_VEHICULO (HISTORICO_PROPIETARIO_VEHICULO_ID, FECHA_COMPRA, FECHA_VENTA, VEHICULO_ID, PROPIETARIO_ID) 
VALUES (HISTORICO_PROPIETARIO_VEHICULO_SEQ.nextval, TO_DATE('2019-09-10', 'YYYY-MM-DD'), TO_DATE('2022-05-15', 'YYYY-MM-DD'), 4,4  );
-- Registro 5: Histórico para vehículo 5 y propietario 5
INSERT INTO HISTORICO_PROPIETARIO_VEHICULO (HISTORICO_PROPIETARIO_VEHICULO_ID, FECHA_COMPRA, FECHA_VENTA, VEHICULO_ID, PROPIETARIO_ID) 
VALUES (HISTORICO_PROPIETARIO_VEHICULO_SEQ.nextval, TO_DATE('2017-11-01', 'YYYY-MM-DD'), TO_DATE('2023-03-10', 'YYYY-MM-DD'), 5,5  );

INSERT INTO temp_emisiones_reporte (vehiculo_id, vehiculo_num_serie,nombre_modelo,anio_modelo, nombre_marca,
    nombre_propietario, apellido_paterno_propietario, rfc,gas_id,tipo_gas, promedio_emisiones, total_emisiones, desde_fecha, hasta_fecha)
SELECT
    v.vehiculo_id,
    v.num_serie_vehiculo,
    M.NOMBRE nombre_modelo,
    M.ANIO anio_vehiculo,
    MA.DESCRIPCION,
    PR.NOMBRE NOMBRE_PROPIETARIO,
    PR.AP_PATERNO APELLIDO_PATERNO_PROPIETARIO,
    PR.RFC,
    g.gas_id,
    g.descripcion AS tipo_gas,
    AVG(r.valor_medido) AS promedio_emisiones,
    SUM(r.valor_medido) AS total_emisiones,
    f.desde_fecha,
    f.hasta_fecha
FROM 
    reporte_emisiones R
JOIN 
    vehiculo v ON r.vehiculo_id = v.vehiculo_id
JOIN 
    gas g ON r.gas_id = g.gas_id
JOIN
    MODELO M ON M.MODELO_ID = V.MODELO_ID
JOIN 
    MARCA MA ON MA.MARCA_ID = M.MARCA_ID
JOIN 
    PROPIETARIO PR ON PR.PROPIETARIO_ID = V.PROPIETARIO_ID
JOIN 
    (
        SELECT 
            VEHICULO_ID,
            GAS_ID,
            MIN(FECHA_REGISTRO) AS DESDE_FECHA,
            MAX(FECHA_REGISTRO) AS HASTA_FECHA
        FROM 
            REPORTE_EMISIONES
        GROUP BY 
            VEHICULO_ID, GAS_ID
    ) f ON r.vehiculo_id = f.vehiculo_id AND r.gas_id = f.gas_id
GROUP BY 
    v.vehiculo_id,
    v.num_serie_vehiculo,
    M.NOMBRE,
    M.ANIO,
    MA.DESCRIPCION,
    PR.NOMBRE,
    PR.AP_PATERNO,
    PR.RFC,
    g.gas_id,
    g.descripcion,
    f.desde_fecha,
    f.hasta_fecha;
COMMIT;